[
	{
		"model": "contacts.location",
		"pk": 1,
		"fields": {
			"name": "Other",
			"slug": "other",
			"date_modified": "2013-08-14 09:56:06",
			"date_added": "2013-08-14 09:56:06",
			"weight": 10
		}
	},
	{
		"model": "contacts.location",
		"pk": 2,
		"fields": {
			"name": "Work",
			"slug": "work",
			"date_modified": "2013-08-14 09:56:06",
			"date_added": "2013-08-14 09:56:06",
			"weight": 1
		}
	},
	{
		"model": "contacts.location",
		"pk": 3,
		"fields": {
			"name": "Home",
			"slug": "home",
			"date_modified": "2013-08-14 09:56:06",
			"date_added": "2013-08-14 09:56:06",
			"weight": 2
		}
	},
	{
		"model": "contacts.location",
		"pk": 4,
		"fields": {
			"name": "Mobile",
			"slug": "mobile",
			"date_modified": "2013-08-14 09:56:06",
			"date_added": "2013-08-14 09:56:06",
			"weight": 3
		}
	},
	{
		"model": "contacts.location",
		"pk": 5,
		"fields": {
			"name": "Fax",
			"slug": "fax",
			"is_phone": true,
			"date_modified": "2013-08-14 09:56:06",
			"date_added": "2013-08-14 09:56:06",
			"weight": 4
		}
	},
	{
		"model": "contacts.location",
		"pk": 6,
		"fields": {
			"name": "Pager",
			"slug": "pager",
			"is_phone": true,
			"date_modified": "2013-08-14 09:56:06",
			"date_added": "2013-08-14 09:56:06",
			"weight": 5
		}
	},
	{
		"model": "contacts.location",
		"pk": 7,
		"fields": {
			"name": "Headquarters",
			"slug": "headquarters",
			"is_street_address": true,
			"date_modified": "2013-08-14 09:56:06",
			"date_added": "2013-08-14 09:56:06",
			"weight": 3
		}
	},
	{
		"model": "contacts.location",
		"pk": 8,
		"fields": {
			"name": "Branch Office",
			"slug": "branch-office",
			"is_street_address": true,
			"date_modified": "2013-08-14 09:56:06",
			"date_added": "2013-08-14 09:56:06",
			"weight": 4
		}
	}
]